<?xml version="1.0" encoding="UTF-8"?>
<project-private xmlns="http://www.netbeans.org/ns/project-private/1">
    <editor-bookmarks xmlns="http://www.netbeans.org/ns/editor-bookmarks/2" lastBookmarkId="0"/>
    <open-files xmlns="http://www.netbeans.org/ns/projectui-open-files/2">
        <group>
            <file>file:/C:/Users/Jonathan/Desktop/JonathanHardwick/FTCC/CSC251-Adv_JAVA/CSC251_github_repo/CSC251_JOptionPane_Final_HardwickJonathan/CSC251%20JOptionPane%20Final%20Projet/src/CSC251JOptonPaneFinalProject/Square.java</file>
            <file>file:/C:/Users/Jonathan/Desktop/JonathanHardwick/FTCC/CSC251-Adv_JAVA/CSC251_github_repo/CSC251_JOptionPane_Final_HardwickJonathan/CSC251%20JOptionPane%20Final%20Projet/src/CSC251JOptonPaneFinalProject/Cube.java</file>
            <file>file:/C:/Users/Jonathan/Desktop/JonathanHardwick/FTCC/CSC251-Adv_JAVA/CSC251_github_repo/CSC251_JOptionPane_Final_HardwickJonathan/CSC251%20JOptionPane%20Final%20Projet/src/CSC251JOptonPaneFinalProject/RightCircularConeFrustum.java</file>
            <file>file:/C:/Users/Jonathan/Desktop/JonathanHardwick/FTCC/CSC251-Adv_JAVA/CSC251_github_repo/CSC251_JOptionPane_Final_HardwickJonathan/CSC251%20JOptionPane%20Final%20Projet/src/CSC251JOptonPaneFinalProject/Trapezoid.java</file>
            <file>file:/C:/Users/Jonathan/Desktop/JonathanHardwick/FTCC/CSC251-Adv_JAVA/CSC251_github_repo/CSC251_JOptionPane_Final_HardwickJonathan/CSC251%20JOptionPane%20Final%20Projet/src/CSC251JOptonPaneFinalProject/Rectangle.java</file>
            <file>file:/C:/Users/Jonathan/Desktop/JonathanHardwick/FTCC/CSC251-Adv_JAVA/CSC251_github_repo/CSC251_JOptionPane_Final_HardwickJonathan/CSC251%20JOptionPane%20Final%20Projet/src/CSC251JOptonPaneFinalProject/RightCircularCylinder.java</file>
            <file>file:/C:/Users/Jonathan/Desktop/JonathanHardwick/FTCC/CSC251-Adv_JAVA/CSC251_github_repo/CSC251_JOptionPane_Final_HardwickJonathan/CSC251%20JOptionPane%20Final%20Projet/src/CSC251JOptonPaneFinalProject/GeometricForumulas.java</file>
            <file>file:/C:/Users/Jonathan/Desktop/JonathanHardwick/FTCC/CSC251-Adv_JAVA/CSC251_github_repo/CSC251_JOptionPane_Final_HardwickJonathan/CSC251%20JOptionPane%20Final%20Projet/src/CSC251JOptonPaneFinalProject/Circle.java</file>
            <file>file:/C:/Users/Jonathan/Desktop/JonathanHardwick/FTCC/CSC251-Adv_JAVA/CSC251_github_repo/CSC251_JOptionPane_Final_HardwickJonathan/CSC251%20JOptionPane%20Final%20Projet/src/CSC251JOptonPaneFinalProject/RectangularPyramid.java</file>
            <file>file:/C:/Users/Jonathan/Desktop/JonathanHardwick/FTCC/CSC251-Adv_JAVA/CSC251_github_repo/CSC251_JOptionPane_Final_HardwickJonathan/CSC251%20JOptionPane%20Final%20Projet/src/CSC251JOptonPaneFinalProject/Triangle.java</file>
            <file>file:/C:/Users/Jonathan/Desktop/JonathanHardwick/FTCC/CSC251-Adv_JAVA/CSC251_github_repo/CSC251_JOptionPane_Final_HardwickJonathan/CSC251%20JOptionPane%20Final%20Projet/src/CSC251JOptonPaneFinalProject/RectangularSolid.java</file>
            <file>file:/C:/Users/Jonathan/Desktop/JonathanHardwick/FTCC/CSC251-Adv_JAVA/CSC251_github_repo/CSC251_JOptionPane_Final_HardwickJonathan/CSC251%20JOptionPane%20Final%20Projet/src/CSC251JOptonPaneFinalProject/Sphere.java</file>
            <file>file:/C:/Users/Jonathan/Desktop/JonathanHardwick/FTCC/CSC251-Adv_JAVA/CSC251_github_repo/CSC251_JOptionPane_Final_HardwickJonathan/CSC251%20JOptionPane%20Final%20Projet/src/CSC251JOptonPaneFinalProject/Parallelogram.java</file>
            <file>file:/C:/Users/Jonathan/Desktop/JonathanHardwick/FTCC/CSC251-Adv_JAVA/CSC251_github_repo/CSC251_JOptionPane_Final_HardwickJonathan/CSC251%20JOptionPane%20Final%20Projet/src/CSC251JOptonPaneFinalProject/RightCircularCone.java</file>
        </group>
    </open-files>
</project-private>
